{
  "class_weight_by_index": {
    "0": 0.9911363636363636,
    "1": 1.1729424421732113,
    "2": 1.3215151515151515,
    "3": 1.3303843807199511,
    "4": 1.2389204545454546,
    "5": 1.166042780748663,
    "6": 1.0773221343873518,
    "7": 0.9350343053173242,
    "8": 1.1392371995820272,
    "9": 0.7929090909090909,
    "10": 1.223625140291807,
    "11": 1.2013774104683195,
    "12": 0.6333139703746733,
    "13": 0.9813231323132313,
    "14": 0.6859075180874489,
    "15": 0.9813231323132313,
    "16": 1.159223817118554,
    "17": 1.2389204545454546,
    "18": 0.7624125874125874,
    "19": 0.892915642915643,
    "20": 0.8771118262268705,
    "21": 1.159223817118554
  },
  "class_weight_by_label": {
    "barbell_biceps_curl": 0.9911363636363636,
    "bench_press": 1.1729424421732113,
    "chest_fly_machine": 1.3215151515151515,
    "deadlift": 1.3303843807199511,
    "decline_bench_press": 1.2389204545454546,
    "hammer_curl": 1.166042780748663,
    "hip_thrust": 1.0773221343873518,
    "incline_bench_press": 0.9350343053173242,
    "lat_pulldown": 1.1392371995820272,
    "lateral_raise": 0.7929090909090909,
    "leg_extension": 1.223625140291807,
    "leg_raises": 1.2013774104683195,
    "plank": 0.6333139703746733,
    "pull_up": 0.9813231323132313,
    "push_up": 0.6859075180874489,
    "romanian_deadlift": 0.9813231323132313,
    "russian_twist": 1.159223817118554,
    "shoulder_press": 1.2389204545454546,
    "squat": 0.7624125874125874,
    "t_bar_row": 0.892915642915643,
    "tricep_dips": 0.8771118262268705,
    "tricep_pushdown": 1.159223817118554
  }
}